{
  "test/testsuite.qunit.js.map": 1706196833746,
  "xs-app.json": 1706196817343,
  "test/integration/pages/RisksList.js": 1706124428776,
  "test/integration/opaTests.qunit.js": 1706124428756,
  "test/integration/FirstJourney.js": 1706124428776,
  "test/testsuite.qunit.js": 1706124428752,
  "test/integration/pages/RisksObjectPage.js": 1706124428776,
  "manifest.json": 1706196817347,
  "Component.js": 1706124428672,
  "test/integration/opaTests.qunit-dbg.js": 1706124428756,
  "test/integration/opaTests.qunit.js.map": 1706196833745,
  "test/integration/pages/RisksList-dbg.js": 1706124428776,
  "test/integration/pages/RisksList.js.map": 1706196833747,
  "test/integration/FirstJourney-dbg.js": 1706124428776,
  "test/integration/FirstJourney.js.map": 1706196833752,
  "test/testsuite.qunit-dbg.js": 1706124428752,
  "i18n/i18n.properties": 1706124487859,
  "test/integration/pages/RisksObjectPage-dbg.js": 1706124428776,
  "test/integration/pages/RisksObjectPage.js.map": 1706196833749,
  "Component-dbg.js": 1706124428672,
  "Component.js.map": 1706196833751,
  "Component-preload.js": 1706196833861,
  "Component-preload.js.map": 1706196833861,
  "test/integration/opaTests.qunit.html": 1706124428756,
  "test/testsuite.qunit.html": 1706124428748,
  "test/flpSandbox.html": 1706124428748,
  "index.html": 1706124428672
}